<?xml version="1.0" encoding="UTF-8" ?>
<!DOCTYPE mapper
        PUBLIC "-//mybatis.org//DTD Mapper 3.0//EN"
        "http://mybatis.org/dtd/mybatis-3-mapper.dtd">
<mapper namespace="com.example.byrsearch.dao.ResultDao">

    <resultMap id="BaseResultMap" type="com.example.byrsearch.domain.search_result">
        <id column="index" jdbcType="INTEGER" property="index"/>
        <result column="url" jdbcType="VARCHAR" property="url"/>
        <result column="title" jdbcType="VARCHAR" property="title"/>
        <result column="date" jdbcType="TIMESTAMP" property="date"/>
        <result column="description" jdbcType="VARCHAR" property="description"/>
    </resultMap>

    <select id="selectAll" resultType="com.example.byrsearch.domain.search_result">
        select * from search_result;
    </select>

    <insert id="addSomeThing" useGeneratedKeys="true" keyProperty="search_result">

    </insert>

    <delete id="deleteByIds">

    </delete>
</mapper>